id,first_name,last_name,email,gender,birthday,address
1,Julianna,Salmons,jsalmons0@sakura.ne.jp,Female,28.02.1993,2 Aberg Way
2,Mildred,Mauger,mmauger1@cmu.edu,Female,30.11.1993,
3,Amii,Grahl,agrahl2@mayoclinic.com,Female,09.02.1995,647 Lindbergh Crossing
4,Dex,Shippam,dshippam3@npr.org,Male,16.10.1971,60221 Hooker Circle
5,Georgetta,O'Hallihane,gohallihane4@vinaora.com,Female,15.03.1963,
6,Bayard,Moresby,bmoresby5@blogs.com,Male,24.10.1987,0030 Eggendart Court
7,Bryan,Meas,bmeas6@cnet.com,Male,14.06.1999,4 Mockingbird Way
8,Sheena,MacMurray,smacmurray7@wordpress.com,Female,18.01.1971,
9,Hamilton,Shenton,hshenton8@webnode.com,Male,06.11.1968,7087 Crownhardt Drive
10,Barn,Innes,binnes9@spotify.com,Male,24.07.1977,7 Washington Crossing
11,Mab,Crichley,mcrichleya@freewebs.com,Female,06.06.1995,07657 Eastlawn Junction
12,Jerrome,Antoszczyk,jantoszczykb@hud.gov,Male,15.01.1987,
13,Wayne,Caramuscia,wcaramusciac@sciencedirect.com,Male,04.10.1961,9 Little Fleur Plaza
14,Dew,Serrurier,dserrurierd@admin.ch,Male,23.07.1995,238 Moulton Court
15,Lucinda,Benoix,lbenoixe@discovery.com,Female,20.09.1971,8513 Mallard Plaza
16,Mattie,Meiklejohn,mmeiklejohnf@fc2.com,Male,17.02.1964,
17,Eileen,Witherop,ewitheropg@slashdot.org,Female,12.01.1963,6799 Ludington Drive
18,Hermione,Curm,hcurmh@opera.com,Female,20.07.1978,58 Melody Drive
19,Mada,Angelo,mangeloi@hugedomains.com,Female,12.10.1998,724 Sherman Way
20,Dugald,Claibourn,dclaibournj@php.net,Male,18.07.1965,
21,Jorey,Ucceli,juccelik@ihg.com,Female,30.06.1983,
22,Georgiana,Lovstrom,glovstroml@tripadvisor.com,Female,26.08.1963,
23,Andie,Cade,academ@mail.ru,Female,24.06.2002,
24,Albertine,Leppingwell,aleppingwelln@hhs.gov,Female,30.09.1971,8265 Oneill Way
25,Adella,Rumbellow,arumbellowo@purevolume.com,Female,12.02.1983,50881 Daystar Terrace
26,Barrett,Posnette,bposnettep@businessinsider.com,Male,20.05.1992,
27,Moe,Jeakins,mjeakinsq@google.es,Male,25.10.1983,
28,Nataline,Laffan,nlaffanr@flavors.me,Female,06.09.1984,
29,Olvan,Maddrah,omaddrahs@seesaa.net,Male,19.11.1971,
30,Ilaire,Corragan,icorragant@nydailynews.com,Male,30.06.1981,9 Artisan Pass
31,Nelia,Purkis,npurkisu@nationalgeographic.com,Female,20.06.1962,
32,Morse,Gilbertson,mgilbertsonv@imageshack.us,Male,17.07.1988,490 Texas Alley
33,Marci,Newbury,mnewburyw@360.cn,Female,23.11.1983,
34,Natalie,Halmkin,nhalmkinx@quantcast.com,Female,03.12.1997,
35,Stanislaus,Antony,santonyy@amazonaws.com,Male,13.03.1977,
36,Gunar,Moffet,gmoffetz@addtoany.com,Male,07.03.1982,
37,Jeanine,Semeradova,jsemeradova10@51.la,Female,12.07.1977,1 Twin Pines Parkway
38,Broderick,Coy,bcoy11@technorati.com,Male,01.12.1988,
39,Rory,Sammons,rsammons12@patch.com,Female,03.04.1991,
40,Amber,Shinn,ashinn13@huffingtonpost.com,Female,12.07.1971,631 Dwight Park
41,Bron,Danilovic,bdanilovic14@accuweather.com,Male,28.08.1998,
42,Davidde,Plum,dplum15@is.gd,Male,08.06.1999,6 Michigan Point
43,Christabella,Anfusso,canfusso16@ehow.com,Female,02.09.1982,
44,Ondrea,Broschek,obroschek17@fc2.com,Female,06.10.2002,1 Dahle Plaza
45,Harriett,O'Cahill,hocahill18@oaic.gov.au,Female,08.06.1999,
46,Shellysheldon,Byrth,sbyrth19@networkadvertising.org,Male,24.07.1972,
47,Mattheus,Cleghorn,mcleghorn1a@accuweather.com,Male,17.11.1974,
48,Brucie,Prichet,bprichet1b@artisteer.com,Male,08.05.1977,9 Corben Crossing
49,Ailey,Macia,amacia1c@tinypic.com,Female,18.07.1973,
50,Meredeth,Zamorrano,mzamorrano1d@typepad.com,Male,12.11.1961,091 Crescent Oaks Pass
51,Lennie,Davydoch,ldavydoch1e@apache.org,Male,11.02.1961,29 Messerschmidt Center
52,Cullan,Doghartie,cdoghartie1f@shop-pro.jp,Male,19.07.1999,
53,Aggy,Stocks,astocks1g@wikispaces.com,Female,04.09.1966,4541 Menomonie Center
54,Ailis,Iddens,aiddens1h@umich.edu,Female,17.03.1982,59630 Sauthoff Road
55,Crystie,Schoolfield,cschoolfield1i@google.it,Female,06.10.1978,
56,Perla,Amorine,pamorine1j@fastcompany.com,Female,23.01.1983,80 Sachtjen Place
57,Susan,Devo,sdevo1k@facebook.com,Female,22.05.1991,
58,Vernon,Barbrook,vbarbrook1l@hhs.gov,Male,14.11.1974,535 Messerschmidt Terrace
59,Antonin,Bougourd,abougourd1m@nbcnews.com,Male,30.07.1987,
60,Geneva,Regardsoe,gregardsoe1n@ycombinator.com,Female,09.12.2000,
61,Dieter,Watmough,dwatmough1o@umich.edu,Male,16.05.1973,
62,Lindie,Currom,lcurrom1p@comcast.net,Female,29.03.1964,65502 Stephen Way
63,Quintana,Esberger,qesberger1q@earthlink.net,Female,01.09.1975,
64,Adena,Comport,acomport1r@microsoft.com,Female,09.10.1999,
65,Trumann,Moralis,tmoralis1s@1und1.de,Male,08.04.1999,
66,Nettle,Krier,nkrier1t@dot.gov,Female,03.12.1968,
67,Galvan,Naldrett,gnaldrett1u@surveymonkey.com,Male,23.07.1999,1 Nova Terrace
68,Danya,Bridger,dbridger1v@cbsnews.com,Female,21.02.1982,1 Grim Avenue
69,Guillema,Ondracek,gondracek1w@example.com,Female,03.02.1990,
70,Goran,Dmtrovic,gdmtrovic1x@shareasale.com,Male,13.12.1985,39682 Acker Center
71,Jerrilyn,Koubu,jkoubu1y@sitemeter.com,Female,26.11.1989,
72,Bradly,Westrip,bwestrip1z@blogger.com,Male,23.01.1998,7198 Sachs Junction
73,Gerardo,Hansbury,ghansbury20@unicef.org,Male,08.12.1964,
74,Shirlee,Cruise,scruise21@yelp.com,Female,11.02.1985,
75,Izak,Berrisford,iberrisford22@cornell.edu,Male,05.04.1982,8 Lerdahl Hill
76,Cass,Crawforth,ccrawforth23@skyrock.com,Male,13.05.1970,6178 Di Loreto Avenue
77,Helaina,Arbor,harbor24@bizjournals.com,Female,29.01.1998,36 Mifflin Center
78,Ilario,Rogister,irogister25@gravatar.com,Male,11.09.1973,
79,Esme,Sotheron,esotheron26@godaddy.com,Male,16.12.1989,596 Dayton Court
80,Bond,Postance,bpostance27@bloglines.com,Male,25.06.1979,0674 Darwin Circle
81,Salomi,Lorence,slorence28@issuu.com,Female,20.02.1962,
82,Luigi,Eversley,leversley29@omniture.com,Male,01.11.1963,
83,Bev,Conyer,bconyer2a@msu.edu,Female,09.10.1966,
84,Marget,Arangy,marangy2b@ft.com,Female,20.07.1969,
85,Anita,Kleinstub,akleinstub2c@tamu.edu,Female,17.07.1963,25 South Parkway
86,Steffen,Prater,sprater2d@prnewswire.com,Male,31.03.2003,18 Truax Plaza
87,Evonne,Gandrich,egandrich2e@webnode.com,Female,30.12.1962,5 Crownhardt Circle
88,Charlene,Stiegars,cstiegars2f@amazon.de,Female,26.12.1986,46767 Nova Court
89,Arvie,Pennino,apennino2g@discovery.com,Male,24.11.1982,
90,Lurleen,Cater,lcater2h@vimeo.com,Female,17.08.1986,2320 Northview Place
91,Sandy,Taks,staks2i@hatena.ne.jp,Female,05.07.1989,
92,Seumas,Klyn,sklyn2j@lulu.com,Male,21.12.1997,2634 American Ash Center
93,Hannah,Meredith,hmeredith2k@shinystat.com,Female,30.04.1993,0024 Novick Road
94,Ema,Nutbean,enutbean2l@weather.com,Female,07.05.1971,776 Pankratz Circle
95,Ham,Miner,hminer2m@cnet.com,Male,11.04.2004,
96,Suzanna,Cranny,scranny2n@goo.gl,Female,16.05.1996,
97,Brigitta,Lassell,blassell2o@hatena.ne.jp,Female,25.09.1998,
98,Charmian,Pigden,cpigden2p@amazon.de,Female,26.12.1968,
99,Curr,Coulton,ccoulton2q@so-net.ne.jp,Male,17.12.1966,10 Surrey Pass
100,Evonne,Pettman,epettman2r@hc360.com,Female,19.04.1986,
